{
    "userId": 255,
    "similarities": [
        {
            "other_userId": 265,
            "similarity": 0.7227302774491141
        },
        {
            "other_userId": 171,
            "similarity": 0.6716140565077772
        },
        {
            "other_userId": 1,
            "similarity": 0.6100890311326271
        },
        {
            "other_userId": 283,
            "similarity": 0.5738790847269186
        },
        {
            "other_userId": 180,
            "similarity": 0.5643074529977644
        },
        {
            "other_userId": 406,
            "similarity": 0.5540561308021639
        },
        {
            "other_userId": 327,
            "similarity": 0.5396967900348609
        },
        {
            "other_userId": 368,
            "similarity": 0.5303911898654124
        },
        {
            "other_userId": 85,
            "similarity": 0.5231240700086195
        },
        {
            "other_userId": 313,
            "similarity": 0.5178539805244597
        },
        {
            "other_userId": 96,
            "similarity": 0.5129650985019977
        },
        {
            "other_userId": 323,
            "similarity": 0.5103985599375258
        },
        {
            "other_userId": 194,
            "similarity": 0.50880053413829
        },
        {
            "other_userId": 347,
            "similarity": 0.5043019954394485
        },
        {
            "other_userId": 481,
            "similarity": 0.4881341673694184
        },
        {
            "other_userId": 41,
            "similarity": 0.4805801440700992
        },
        {
            "other_userId": 144,
            "similarity": 0.46888947630584765
        },
        {
            "other_userId": 355,
            "similarity": 0.46888947630584765
        },
        {
            "other_userId": 301,
            "similarity": 0.46041000012507227
        },
        {
            "other_userId": 127,
            "similarity": 0.457373517532918
        },
        {
            "other_userId": 487,
            "similarity": 0.45364623164799034
        },
        {
            "other_userId": 480,
            "similarity": 0.4507500105400305
        },
        {
            "other_userId": 498,
            "similarity": 0.4507500105400305
        },
        {
            "other_userId": 27,
            "similarity": 0.44754225177385254
        },
        {
            "other_userId": 426,
            "similarity": 0.44601936018834687
        },
        {
            "other_userId": 403,
            "similarity": 0.44369948383949787
        },
        {
            "other_userId": 454,
            "similarity": 0.4374790639228381
        },
        {
            "other_userId": 203,
            "similarity": 0.42049123395441423
        },
        {
            "other_userId": 105,
            "similarity": 0.4193738940247862
        },
        {
            "other_userId": 366,
            "similarity": 0.41609119559603513
        },
        {
            "other_userId": 340,
            "similarity": 0.4138253946381314
        },
        {
            "other_userId": 288,
            "similarity": 0.41213536694471475
        },
        {
            "other_userId": 47,
            "similarity": 0.41165185963780115
        },
        {
            "other_userId": 221,
            "similarity": 0.3997843178826589
        },
        {
            "other_userId": 151,
            "similarity": 0.39624780898798995
        },
        {
            "other_userId": 83,
            "similarity": 0.3909938325356195
        },
        {
            "other_userId": 202,
            "similarity": 0.36860318699905603
        },
        {
            "other_userId": 172,
            "similarity": 0.36815925121907145
        },
        {
            "other_userId": 303,
            "similarity": 0.3680679863254348
        }
    ]
}